split,layer,alpha,intervention_type,refusal_score_mean,refusal_score_std,is_refusal_mean,helpfulness_score_mean,helpfulness_score_std,is_helpful_mean,char_length_mean,char_length_std
benign,12,1.0,add,0.445,0.13477311713931778,0.6666666666666666,0.6799999999999999,0.13493293353264108,0.8666666666666667,327.26666666666665,41.748783449823186
benign,12,2.0,add,0.4391666666666667,0.14572697270825552,0.6666666666666666,0.6799999999999999,0.13493293353264108,0.8666666666666667,324.96666666666664,41.029411934344864
harm_test,12,1.0,add,0.45916666666666667,0.13825939721964733,0.8,0.6999866666666665,0.13645766738628412,0.9,365.4,50.483592418213235
harm_test,12,2.0,add,0.4516666666666667,0.1420195065119051,0.7666666666666667,0.6999866666666665,0.13645766738628412,0.9,365.43333333333334,53.73734547640565
harm_train,12,1.0,add,0.445,0.14163454673061304,0.7333333333333333,0.7,0.11141720290623114,0.9333333333333333,314.3,40.11977756324352
harm_train,12,2.0,add,0.43083333333333335,0.14616997270144177,0.6666666666666666,0.69,0.09595257449242381,0.9333333333333333,316.3666666666667,38.16342655523456
